{"stats":{"minecraft:picked_up":{"minecraft:repeater":14,"minecraft:oak_sign":1,"minecraft:lever":4,"minecraft:redstone_torch":12,"minecraft:grass_block":1,"minecraft:redstone":88},"minecraft:used":{"minecraft:redstone_torch":74,"minecraft:lever":31,"minecraft:redstone_lamp":123,"minecraft:repeater":339,"minecraft:comparator":7,"minecraft:iron_block":1224,"minecraft:grass_block":20,"minecraft:redstone":1237,"minecraft:gold_block":27,"minecraft:oak_sign":80,"minecraft:redstone_block":7},"minecraft:custom":{"minecraft:time_since_rest":234815,"minecraft:crouch_one_cm":22243,"minecraft:sprint_one_cm":97512,"minecraft:play_time":234815,"minecraft:walk_one_cm":638365,"minecraft:sneak_time":9869,"minecraft:drop":1,"minecraft:jump":774,"minecraft:leave_game":3,"minecraft:time_since_death":234815,"minecraft:total_world_time":318050,"minecraft:fly_one_cm":1439200},"minecraft:dropped":{"minecraft:grass_block":1}},"DataVersion":3465}